28497	00099050	Wolne Lektury	Wolne Lektury
19612	00099050	Fundacji Wikimedia	Fundacja Wikimedia
21363	00099050	Stowarzyszenia Pisarzy Polskich	Stowarzyszenie Pisarzy Polskich
1198808	00099050	cyfrowa biblioteka lektur	cyfrowa biblioteka lektur
1198816	00099050	opracowaniami lektur szkolnych	opracowanie lektur szkolnych
1198809	00099050	domeny publicznej	domena publiczna
1198810	00099050	wspólnych motywów literackich	wspólny motyw literacki
1198812	00099050	wolnej licencji	wolna licencja
1198811	00099050	własnych zestawów lektur	własny zestaw lektur
1198815	00099050	społeczności nauczycielskiej i naukowej	społeczność nauczycielska i naukowa
1198813	00099050	motywami literackimi	motyw literacki
30916	00099051	Big Brothera 4.1	Big Brother 4.1
1198818	00099051	udziałów w rynku	udział w rynku
28514	00099052	Banku Światowego	Bank Światowy
28525	00099052	Europy Zachodniej	Europa Zachodnia
33579	00099052	Europie Środkowo-Wschodniej	Europa Środkowo-Wschodnia
1196970	00099052	zanieczyszczeniem środowiska	zanieczyszczenie środowiska
1196974	00099053	terytorium Unii Europejskiej	terytorium Unii Europejskiej
15697	00099053	Unii Europejskiej	Unia Europejska
1196973	00099053	karą grzywny	kara grzywny
1196972	00099053	czeki podróżne	czek podróżny
1196971	00099053	organom celnym	organ celny
1196976	00099054	opinię publiczną	opinia publiczna
1196975	00099054	rezerwy budżetowej	rezerwa budżetowa
1196977	00099055	serwis aukcyjny	serwis aukcyjny
10968	00099055	Polsce	Polska
10971	00099055	Niemczech	Niemcy
10972	00099055	Wielkiej Brytanii	Wielka Brytania
1196981	00099056	oprogramowanie antywirusowe	oprogramowanie antywirusowe
1196980	00099056	systemem operacyjnym Windows Vista	system operacyjny Windows Vista
1197353	00099057	patowej sytuacji	patowa sytuacja
21372	00099057	Ogólnopolski Związek Pielęgniarek i Położnych	Ogólnopolski Związek Pielęgniarek i Położnych
1197352	00099057	strajku lekarzy	strajk lekarzy
21373	00099057	Wielkopolsce	Wielkopolska
21374	00099057	Podkarpaciu	Podkarpacie
1197356	00099057	grupy zawodowej	grupa zawodowa
1197354	00099057	akcji protestacyjnej	akcja protestacyjna
1197357	00099058	specjalny bezpłatny dodatek	specjalny bezpłatny dodatek
1197360	00099058	nowych trendach w internecie	nowe trendy w internecie
1197362	00099058	darmowego dostępu do sieci bezprzewodowych	darmowy dostęp do sieci bezprzewodowych
1197369	00099059	dwugodzinny strajk nauczycieli	dwugodzinny strajk nauczycieli
1197370	00099059	ministrem edukacji	minister edukacji
1197373	00099059	wynagrodzeń dla nauczycieli	wynagrodzenia dla nauczycieli
1197380	00099060	polskim dystrybutorem sprzętu i oprogramowania komputerowego	polski dystrybutor sprzętu i oprogramowania komputerowego
10982	00099060	Giełdzie Papierów Wartościowych	Giełda Papierów Wartościowych
1197386	00099060	sieci własnych sklepów	sieć własnych sklepów
1197383	00099060	producentów sprzętu komputerowego	producent sprzętu komputerowego
10983	00099060	Warszawie	Warszawa
1197382	00099060	elektroniki użytkowej	elektronika użytkowa
1197389	00099061	gazetki zakładowej	gazetka zakładowa
10986	00099061	Poczty Polskiej	Poczta Polska
1197390	00099061	dziewięcioosobowa rada nadzorcza	dziewięcioosobowa rada nadzorcza
21390	00099062	Srebrnego Globu	Srebrny Glob
21388	00099062	Narodową Agencję Aeronautyki i Przestrzeni Kosmicznej	Narodowa Agencja Aeronautyki i Przestrzeni Kosmicznej
21393	00099062	Księżycu	Księżyc
21387	00099062	Księżyca	Księżyc
11024	00099063	Netię Mobile	Netia Mobile
34195	00099063	Netię	Netia
21400	00099063	Europy Środkowej i Wschodniej	Europa Środkowa i Wschodnia
1197399	00099064	połowę grudnia	połowa grudnia
1197403	00099064	największego banku na rynku	największy bank na rynku
34192	00099064	Skarbu Państwa	Skarb Państwa
1197407	00099065	rynkami procesorów i kart graficznych	rynek procesorów i kart graficznych
1197408	00099065	zintegrowanych kart graficznych	zintegrowana karta graficzna
1197409	00099065	rynek telefonów komórkowych	rynek telefonów komórkowych
1197410	00099065	urządzeń przenośnych	urządzenie przenośne
34208	00099066	Henryka Kowalczyka	Henryk Kowalczyk
21421	00099066	wielkopolskim	wielkopolskie
1197411	00099066	grup producenckich	grupa producencka
21422	00099066	kujawsko-pomorskim	kujawsko-pomorskie
34207	00099066	Jana Krzysztofa Ardanowskiego	Jan Krzysztof Ardanowski
1197413	00099066	wielkości sprzedaży	wielkość sprzedaży
1197412	00099066	rocznych płatności	roczna płatność
21416	00099066	Programu Rozwoju Obszarów Wiejskich	Program Rozwoju Obszarów Wiejskich
21423	00099066	dolnośląskim	dolnośląskie
1197418	00099066	producentów owoców i warzyw	producent owoców i warzyw
1197414	00099066	wartości produkcji sprzedanej	wartość produkcji sprzedanej
1197421	00099067	anonimowego przedstawiciela zarządu	anonimowy przedstawiciel zarządu
11068	00099067	Aerofłotu	Aerofłot
1197424	00099067	jedynym kandydatem	jedyny kandydat
1197423	00099067	biznesplanu finansowej naprawy Alitalii	biznesplan finansowej naprawy Alitalii
1197426	00099067	tanich linii lotniczych	tanie linie lotnicze
1197420	00099067	włoskiego narodowego przewoźnika powietrznego Alitalia	włoski narodowy przewoźnik powietrzny Alitalia
1197427	00099067	dyrektora generalnego	dyrektor generalny
1197429	00099068	kontroli weterynaryjnej	kontrola weterynaryjna
11081	00099068	Zakładów Mięsnych Constar S.A.	Zakłady Mięsne Constar S.A.
15703	00099068	Starachowicach	Starachowice
1197431	00099068	zdrowia konsumentów	zdrowie konsumentów
11103	00099069	Funduszu Obsługi Zadłużenia Zagranicznego	Fundusz Obsługi Zadłużenia Zagranicznego
34211	00099069	Janinie Chim	Janina Chim
11087	00099069	Funduszu Obsługi Zadłużenia Zagranicznego	Fundusz Obsługi Zadłużenia Zagranicznego
1197434	00099069	długu zagranicznego	dług zagraniczny
21435	00099069	Najwyższa Izba Kontroli	Najwyższa Izba Kontroli
1197435	00099069	rajach podatkowych	raj podatkowy
11102	00099069	Universalu	Universal
34214	00099069	Dariusz Przywieczerski	Dariusz Przywieczerski
34215	00099069	Krzysztof Komornicki	Krzysztof Komornicki
30967	00099070	Trybunał Federalny	Trybunał Federalny
1198700	00099070	pierwszego postępowania	pierwsze postępowanie
34219	00099070	Sądem Krajowym w Düsseldorfie	Sąd Krajowy w Düsseldorfie
1198702	00099070	apelację prokuratury	apelacja prokuratury
15704	00099070	Düsseldorfie	Düsseldorf
11108	00099070	Deutsche Bank	Deutsche Bank
1198703	00099070	zarzutu defraudacji	zarzut defraudacji
34220	00099070	Josef Ackermann	Josef Ackermann
1198697	00099070	szef związku zawodowego	szef związku zawodowego
1198699	00099070	brytyjską spółkę telekomunikacyjną	brytyjska spółka telekomunikacyjna
11115	00099070	Vodafone	Vodafone
1198704	00099070	prezentem na odejście	prezent na odejście
1198701	00099070	majątkiem firmy	majątek firmy
1198705	00099070	interesom spółki	interes spółki
1198706	00099070	umowach dla członków zarządów	umowy dla członków zarządów
1198712	00099071	luksusowych podróży członków rady zakładowej	luksusowa podróż członków rady zakładowej
1198714	00099071	kasy koncernu	kasa koncernu
11122	00099071	Volkswagena	Volkswagen
11151	00099071	Volkswagena	Volkswagen
1198707	00099071	kontrowersyjnych reform	kontrowersyjna reforma
1198708	00099071	niemieckiego rynku pracy	niemiecki rynek pracy
1198713	00099071	egzotycznych krajów	egzotyczny kraj
1198710	00099071	zarzut defraudacji majątku przedsiębiorstwa	zarzut defraudacji majątku przedsiębiorstwa
34225	00099071	Peter Hartz	Peter Hartz
11147	00099071	Brazylii	Brazylia
11148	00099071	Indii	Indie
1198711	00099071	aferami korupcyjno-obyczajowymi	afera korupcyjno-obyczajowa
11123	00099071	Brunszwiku	Brunszwik
1198709	00099071	byłemu przewodniczącemu rady zakładowej koncernu	były przewodniczący rady zakładowej koncernu
34231	00099071	Helmuth Schuster	Helmuth Schuster
34226	00099071	Klausowi Volkertowi	Klaus Volkert
30968	00099072	Brazylijka	Brazylijka
34462	00099072	Adriana Barros	Adriana Barros
11156	00099072	Volkswagena	Volkswagen
34458	00099072	Peterowi Hartzowi	Peter Hartz
11178	00099072	Volkswagenie	Volkswagen
34469	00099072	Gerharda Schrödera	Gerhard Schröder
1198724	00099073	Cena zwykłego wydania	cena zwykłego wydania
34235	00099073	Jacek Czynajtis	Jacek Czynajtis
21441	00099073	Nowego Dnia	Nowy Dzień
1198716	00099073	komunikacie giełdowym Agory	komunikat giełdowy Agory
1198719	00099073	domu mediowego	dom mediowy
19656	00099073	Media Tak	Media Tak
1198721	00099073	pierwszym etapie wprowadzania na rynek	pierwszy etap wprowadzania na rynek
1198717	00099073	akcjami promocyjnymi	akcja promocyjna
1198727	00099073	magazynu motoryzacyjnego Auto+	magazyn motoryzacyjny Auto+
21440	00099073	Nowy Dzień	Nowy Dzień
30975	00099073	Nowego Dnia	Nowy Dzień
1198725	00099073	dodatkiem telewizyjnym	dodatek telewizyjny
1198726	00099073	prasy opiniotwórczej	prasa opiniotwórcza
1198722	00099073	rynku czytelniczym	rynek czytelniczy
1198720	00099073	spółki giełdowej	spółka giełdowa
1198723	00099073	dużych nakładów finansowych	duży nakład finansowy
23407	00099074	Expo 2005	Expo 2005
30920	00099074	Wystawa Światowa	Wystawa Światowa
1198729	00099074	tegorocznej wystawy światowej	tegoroczna wystawa światowa
11208	00099074	Londynie	Londyn
11206	00099074	Aichi	Aichi
21452	00099074	Ameryce Północnej	Ameryka Północna
11207	00099074	Japonii	Japonia
1198730	00099074	czaszki dinozaura	czaszka dinozaura
1198728	00099074	gości z całego świata	goście z całego świata
11209	00099074	Szanghaju	Szanghaj
11210	00099074	Chinach	Chiny
21454	00099075	Ministerstwo Finansów	Ministerstwo Finansów
21453	00099075	Unii Europejskiej	Unia Europejska
1198731	00099075	polskie elektrownie	polska elektrownia
1198734	00099075	unijnej dyrektywy	unijna dyrektywa
1198732	00099075	akcyzę za prąd	akcyza za prąd
1198735	00099075	terminu zmiany prawa	termin zmiany prawa
1198733	00099075	unijnym prawem	unijne prawo
21459	00099076	Wspólnotę Europejską	Wspólnota Europejska
21462	00099076	Financial Times	Financial Times
21458	00099076	Unii Europejskiej	Unia Europejska
21463	00099076	Gazociągu Północnego	Gazociąg Północny
11223	00099077	Alitalia	Alitalia
11226	00099077	Aerofłot	Aerofłot
1198738	00099077	dług linii lotniczych	dług linii lotniczych
11229	00099077	Air France	Air France
11228	00099077	Texas Pacific Group	Texas Pacific Group
11225	00099077	Alitalii	Alitalia
1198739	00099077	flagowych włoskich linii lotniczych	flagowa włoska linia lotnicza
1198741	00099078	byłej spółce akcyjnej	była spółka akcyjna
1198742	00099078	konkurencji na rynku	konkurencja na rynku
1198740	00099078	rejestru handlowego	rejestr handlowy
1198747	00099079	Przewodniczącym gremium	przewodniczący gremium
1198751	00099079	rejestru handlowego	rejestr handlowy
1198745	00099079	rady zakładowej	rada zakładowa
1198746	00099079	transgranicznej ochrony zdrowia i pracy	transgraniczna ochrona zdrowia i pracy
1198752	00099079	połowę października	połowa października
1198743	00099079	przedstawicielami pracowników	przedstawiciel pracowników
1198748	00099079	formy prawnej	forma prawna
1198744	00099079	reprezentacji pracowniczej	reprezentacja pracownicza
1198749	00099079	spółki akcyjnej	spółka akcyjna
1198750	00099079	spółkę europejską	spółka europejska
34255	00099080	Komisja Europejska	Komisja Europejska
21486	00099080	Biura Polityki Gospodarczej	Biuro Polityki Gospodarczej
34253	00099080	Narodowej Rady Albańczyków w USA	Narodowa Rada Albańczyków w USA
1198755	00099080	małej grupy albańskich biznesmenów	mała grupa albańskich biznesmenów
21483	00099080	Amerykańskiej Izby Handlowej	Amerykańska Izba Handlowa
1198765	00099080	kosowskiego dochodu krajowego brutto	kosowski dochód krajowy brutto
1198756	00099080	dyrektora wykonawczego	dyrektor wykonawczy
1198763	00099080	bardzo wysokich odsetkach	bardzo wysokie odsetki
34470	00099080	Amerykańskiej Izby Handlowej w Kosowie	Amerykańska Izba Handlowa w Kosowie
1198762	00099080	instytucji międzynarodowych	instytucja międzynarodowa
1198761	00099080	nowych inwestorów	nowy inwestor
1198759	00099080	niepewna sytuacja polityczna	niepewna sytuacja polityczna
1198753	00099080	małą amerykańską firmą	mała amerykańska firma
1198766	00099080	pomocy ekonomicznej	pomoc ekonomiczna
21484	00099080	Banku Światowego	Bank Światowy
1198754	00099080	rynków niszowych w Nowym Jorku	rynek niszowy w Nowym Jorku
11248	00099080	Nowym Jorku	Nowy Jork
1198764	00099080	programowi rządu amerykańskiego	program rządu amerykańskiego
1198760	00099080	ciężkiej pracy	ciężka praca
1198768	00099080	sporów politycznych i ekonomicznych	spór polityczny i ekonomiczny
21478	00099080	Kosowskiej Armii Wyzwolenia	Kosowska Armia Wyzwolenia
1198757	00099080	przetwórstwa drewna	przetwórstwo drewna
1198774	00099081	amerykańskich planów budowy tarczy	amerykański plan budowy tarczy
1198769	00099081	amerykański sektor finansowy	amerykański sektor finansowy
1198773	00099081	sztabami obu pretendentów	sztaby obu pretendentów
1198770	00099081	elementów tarczy antyrakietowej	element tarczy antyrakietowej
1198775	00099081	szef czeskiej dyplomacji	szef czeskiej dyplomacji
30977	00099081	Białego Domu	Biały Dom
21496	00099081	Zgromadzenia Ogólnego Narodów Zjednoczonych	Zgromadzenie Ogólne Narodów Zjednoczonych
1198771	00099081	minister spraw zagranicznych	minister spraw zagranicznych
1198772	00099081	terminarzu instalacji elementów tarczy antyrakietowej	terminarz instalacji elementów tarczy antyrakietowej
1198776	00099081	terenie krajów dawnego Układu Warszawskiego	teren krajów dawnego Układu Warszawskiego
21505	00099082	Amigę	Amiga
1198780	00099082	niewielkiej firmy	niewielka firma
1198783	00099082	dużej liczbie gier	duża liczba gier
1198781	00099082	systemu operacyjnego AmigaOS	system operacyjny AmigaOS
1198784	00099082	grafice komputerowej	grafika komputerowa
30921	00099082	Amigę 1000	Amiga 1000
1198782	00099082	kolorową grafikę	kolorowa grafika
1198777	00099082	szesnastoma kolorami	szesnaście kolorów
1198778	00099082	znakomitego dźwięku	znakomity dźwięk
1198779	00099082	graficzny interfejs użytkownika	graficzny interfejs użytkownika
21518	00099083	Samoobrony	Samoobrona
1198789	00099083	strefę ekonomiczną	strefa ekonomiczna
11337	00099083	Pekinie	Pekin
1198787	00099083	członkowie prezydium partii	członek prezydium partii
11335	00099083	Leppera	Lepper
1198788	00099083	przewodniczącym chińskiego parlamentu	przewodniczący chińskiego parlamentu
21516	00099083	Ligę Komunistycznej Młodzieży	Liga Komunistycznej Młodzieży
1198791	00099084	unijnych klientów	unijny klient
21520	00099084	Unii Europejskiej	Unia Europejska
21519	00099084	Komisji Europejskiej	Komisja Europejska
1198792	00099084	grupy koordynacyjnej w sprawie gazu	grupa koordynacyjna w sprawie gazu
1198790	00099084	dużych zaległości w opłatach	duża zaległość w opłatach
1198797	00099085	światowym rynku	światowy rynek
1198795	00099085	światowym rynku	światowy rynek
1198793	00099085	rekordową sprzedaż	rekordowa sprzedaż
1198794	00099085	trzecim kwartale ubiegłego	trzeci kwartał ubiegłego
1198796	00099085	niskobudżetowych notebooków	niskobudżetowy notebook
21525	00099086	iPoda	iPod
265618	00099086	Kramerowi	Kramer
34268	00099086	Steve’a Jobsa	Steve Jobs
1198799	00099086	rozmów telefonicznych	rozmowa telefoniczna
1198798	00099086	masową produkcję	masowa produkcja
34271	00099086	iPodzie	iPod
1198800	00099086	plików audio	plik audio
265619	00099086	Kramera	Kramer
1198801	00099087	telefonu komórkowego	telefon komórkowy
1198802	00099087	komunikatora internetowego	komunikator internetowy
11383	00099088	Arabia Saudyjska	Arabia Saudyjska
1198807	00099088	giełdzie towarowej w Londynie	giełda towarowa w Londynie
1198806	00099088	9,5 miliona baryłek	9,5 miliona baryłek
11381	00099088	Arabii Saudyjskiej	Arabia Saudyjska
11382	00099088	Zjednoczonych Emiratów Arabskich	Zjednoczone Emiraty Arabskie
1198803	00099088	cen benzyny	cena benzyny
1198804	00099088	globalny popyt na ropę naftową	globalny popyt na ropę naftową
21536	00099088	Organizację Państw Eksporterów Ropy Naftowej	Organizacja Państw Eksporterów Ropy Naftowej
1198819	00099089	oświadczenia giełdowego	oświadczenie giełdowe
1198820	00099089	francuski wydawca gier komputerowych	francuski wydawca gier komputerowych
1198821	00099089	decyzji giełdy amerykańskiej	decyzja giełdy amerykańskiej
1198822	00099090	dwóch palet logistycznych	dwie palety logistyczne
21544	00099090	Międzynarodowej Stacji Kosmicznej	Międzynarodowa Stacja Kosmiczna
1198823	00099090	telewizję internetową	telewizja internetowa
21548	00099090	Ziemię	Ziemia
1198824	00099091	nieaktywnej karcie SIM	nieaktywna karta SIM
1198826	00099091	województwa mazowieckiego	województwo mazowieckie
1198827	00099091	przejściowe problemy techniczne	przejściowy problem techniczny
1198825	00099091	biura obsługi klienta	biuro obsługi klienta
1198831	00099092	Siedzibą przedsiębiorstwa	siedziba przedsiębiorstwa
1198830	00099092	rzecznika firmy	rzecznik firmy
1198828	00099092	największego koncernu chemicznego na świecie	największy koncern chemiczny na świecie
1198834	00099092	radzie nadzorczej	rada nadzorcza
1198833	00099092	walnym zgromadzeniu	walne zgromadzenie
21560	00099092	Europę	Europa
1198836	00099092	pracowników koncernu	pracownik koncernu
1198835	00099092	przyszłej spółce europejskiej	przyszła spółka europejska
1198829	00099092	spółkę europejską	spółka europejska
21567	00099093	Europejskiego Banku Odbudowy i Rozwoju	Europejski Bank Odbudowy i Rozwoju
34294	00099093	Leszka Balcerowicza	Leszek Balcerowicz
1198837	00099093	dyrektora zarządzającego	dyrektor zarządzający
21562	00099093	Międzynarodowego Funduszu Walutowego	Międzynarodowy Fundusz Walutowy
1198838	00099093	głosu rynków wschodzących	głos rynków wschodzących
21573	00099094	Trybunału Konstytucyjnego	Trybunał Konstytucyjny
1198839	00099094	list do prezydenta	list do prezydenta
34297	00099094	Lecha Kaczyńskiego	Lech Kaczyński
21570	00099094	Konstytucji RP	Konstytucja RP
21569	00099094	Trybunału Konstytucyjnego	Trybunał Konstytucyjny
1198840	00099094	dwóch artykułów uchwały	dwa artykuły uchwały
21568	00099094	Sejmową Komisję Śledczą ds. Banku i Nadzoru Bankowego	Sejmowa Komisja Śledcza ds. Banku i Nadzoru Bankowego
21574	00099095	Rada Polityki Pieniężnej	Rada Polityki Pieniężnej
21579	00099095	Narodowego Banku Polskiego	Narodowy Bank Polski
1198842	00099095	presjami zewnętrznymi	presja zewnętrzna
11434	00099096	Balcerowicza	Balcerowicz
1198843	00099096	pierwszym wywiadzie	pierwszy wywiad
34301	00099096	Towarzystwa Ekonomicznego	Towarzystwo Ekonomiczne
1198844	00099096	funkcji prezesa NBP	funkcja prezesa NBP
1198846	00099096	nadmierne wydatki państwa	nadmierny wydatek państwa
1198845	00099096	głębokich zmian w finansach publicznych	głęboka zmiana w finansach publicznych
21593	00099097	Związku Banków Polskich	Związek Banków Polskich
1198849	00099097	list haseł jednorazowych	lista haseł jednorazowych
1198847	00099097	użytkowników bankowości elektronicznej	użytkownik bankowości elektronicznej
1198850	00099097	internetowych przelewów	internetowy przelew
1198848	00099097	listy haseł jednorazowych	lista haseł jednorazowych
1198852	00099097	użytkowników e-bankowości	użytkownik e-bankowości
1198853	00099097	konta bankowego	konto bankowe
1198851	00099097	użytkowników bankowość elektronicznej	użytkownik bankowości elektronicznej
11442	00099098	LOT-u	LOT
34472	00099098	Polskiego PEN Clubu	Polski PEN Club
34305	00099098	Józefa Oleksego	Józef Oleksy
1198856	00099098	kronikarzem lat wojny i okupacji hitlerowskiej	kronikarz lat wojny i okupacji hitlerowskiej
34304	00099098	Rady Nadzorczej Polskich Linii Lotniczych LOT	Rada Nadzorcza Polskich Linii Lotniczych LOT
34306	00099098	Jerzego Buzka	Jerzy Buzek
1198854	00099098	Nadzwyczajne Walne Zgromadzenie Akcjonariuszy	Nadzwyczajne Walne Zgromadzenie Akcjonariuszy
1198858	00099098	ministrem spraw zagranicznych	minister spraw zagranicznych
1198857	00099098	powstania warszawskiego	powstanie warszawskie
1198855	00099098	największego polskiego przewoźnika lotniczego	największy polski przewoźnik lotniczy
1198859	00099099	portalu społecznościowego Bebo	portal społecznościowy Bebo
11455	00099099	Nowej Zelandii	Nowa Zelandia
1198860	00099099	stron społecznościowych	strona społecznościowa
34309	00099099	Ronem Grantem	Ron Grant
1198861	00099100	belgijskiej poczty	belgijska poczta
1198863	00099100	najmniej rentownych urzędów	najmniej rentowny urząd
1198862	00099100	socjalnym skutkom reform	socjalny skutek reform
34311	00099101	Ministerstwa Finansów	Ministerstwo Finansów
21612	00099101	Ministerstwa Finansów	Ministerstwo Finansów
11478	00099101	Rosatiego	Rosati
1198865	00099101	gronie wszystkich ministrów finansów państw UE	grono wszystkich ministrów finansów państw UE
11485	00099101	Brukseli	Bruksela
34312	00099101	Marka Belki	Marek Belka
21611	00099101	Międzynarodowego Funduszu Walutowego	Międzynarodowy Fundusz Walutowy
21616	00099101	Sarkozy'ego	Sarkozy
1198864	00099101	stanowiska szefa MFW	stanowisko szefa MFW
1198867	00099102	sekretarzem generalnym OECD	sekretarz generalny OECD
1198868	00099102	państw wysoko uprzemysłowionych	państwo wysoko uprzemysłowione
21619	00099102	Organizacji Współpracy Gospodarczej i Rozwoju	Organizacja Współpracy Gospodarczej i Rozwoju
1198869	00099102	kryteriów członkostwa	kryterium członkostwa
1198866	00099102	gruntownej reformy	gruntowna reforma
1198872	00099103	Policjantów w służbowych uniformach	policjanci w służbach mundurowych
1198870	00099103	płaskich telewizorów	płaski telewizor
1198871	00099103	smętnie zwisające kable	smętnie zwisający kabel
1198873	00099103	największych targach elektroniki użytkowej	największe targi elektroniki użytkowej
1198874	00099103	agencji Reuters	agencja Reuters
1198879	00099105	brawami na stojąco	brawo na stojąco
1198878	00099105	dziesięciomilionowej kaucji	dziesięciomilionowa kaucja
1198877	00099105	sądem federalnym w Nowym Jorku	sąd federalny w Nowym Jorku
21636	00099106	Główny Urząd Statystyczny	Główny Urząd Statystyczny
21637	00099106	Ministerstwa Pracy i Polityki Społecznej	Ministerstwo Pracy i Polityki Społecznej
1198880	00099106	rynku pracy	rynek pracy
1198888	00099107	strajkujących szpitalach	strajkujący szpital
1198884	00099107	bezterminowy strajk lekarzy	bezterminowy strajk lekarzy
1198887	00099107	ostrym dyżurze	ostry dyżur
1198885	00099107	łóżek pacjentów	łóżka pacjentów
1198889	00099107	strajku stałego	strajk stały
1198886	00099107	lekarzy bez specjalizacji	lekarz bez specjalizacji
21641	00099107	Ogólnopolskiego Związku Zawodowego Lekarzy	Ogólnopolski Związek Zawodowy Lekarzy
1198890	00099107	pracy w trybie ostrego dyżuru	praca w trybie ostrego dyżuru
1198892	00099108	stronie internetowej	strona internetowa
1198891	00099108	służb porządkowych	służba porządkowa
1198893	00099108	siedzibą rządu	siedziba rządu
1198894	00099108	białoruskie służby specjalne	białoruskie służby specjalne
11542	00099109	Gatesa	Gates
305021	00099109	królowa brytyjska	królowa brytyjska
11536	00099109	Microsoftu	Microsoft
34338	00099109	Billowi Gates	Bill Gates
1198896	00099109	lekarstwem na AIDS	lekarstwo na AIDS
21657	00099110	Debiana	Debian
21659	00099110	Fedory	Fedora
1198898	00099110	stronach projektu	strona projektu
1198897	00099110	twórców stron	twórca stron
305022	00099111	Prezydent Boliwii	Prezydent Boliwii
1198902	00099111	zbrojną akcję	zbrojna akcja
1198899	00099111	europejski gigant paliwowy	europejski gigant paliwowy
1198900	00099111	krajowymi zakładami koncernu	krajowy zakład koncernu
1198901	00099111	pieniężną rekompensatę	pieniężna rekompensata
1198904	00099112	sejmową komisją śledczą	sejmowa komisja śledcza
11565	00099112	Giełdę Papierów Wartościowych	Giełda Papierów Wartościowych
1198906	00099112	resortu finansów	resort finansów
21671	00099112	Najwyższa Izba Kontroli	Najwyższa Izba Kontroli
21669	00099112	Ministerstwa Finansów	Ministerstwo Finansów
1198909	00099112	cena emisyjna akcji	cena emisyjna akcji
34349	00099112	Stefana Kawalca	Stefan Kawalec
11574	00099112	Banku Śląskiego	Bank Śląski
34348	00099112	Waldemara Pawlaka	Waldemar Pawlak
1198905	00099112	urzędników państwowych	urzędnik państwowy
11573	00099112	Banku Śląskiego	Bank Śląski
1198914	00099113	państwowe kampanie informacyjne i profilaktyczne	państwowa kampania informacyjna i profilaktyczna
1198911	00099113	30-procentową obniżkę	30-procentowa obniżka
21676	00099113	Światowej Organizacji Handlu	Światowa Organizacja Handlu
1198910	00099113	patent na lek przeciwko AIDS	patent na lek przeciwko AIDS
1198912	00099113	oficjalnej ceremonii w pałacu prezydenckim	oficjalna ceremonia w pałacu prezydenckim
21678	00099113	Ameryce Łacińskiej	Ameryka Łacińska
1198913	00099113	brazylijskiej polityki	brazylijska polityka
1198915	00099114	wiejskiej rezydencji Chequers	wiejska rezydencja Chequers
1198916	00099114	prywatne rozmowy	prywatna rozmowa
34356	00099114	Angelę Merkel	Angela Merkel
1198917	00099114	szczytu G20	szczyt G20
1198918	00099115	brytyjskich konserwatystów	brytyjski konserwatysta
34357	00099115	Tony’ego Blaira	Tony Blair
21689	00099115	Grupy Wyszehradzkiej	Grupa Wyszehradzka
1198919	00099115	unijnymi funduszami	unijny fundusz
21690	00099115	Europy Środkowo-Wschodniej	Europa Środkowo-Wschodnia
1198921	00099116	dotację w wysokości 144 mln	dotacja w wysokości 144 mln
21697	00099116	Baltic Areny	Baltic Arena
1198922	00099116	kasy miasta	kasa miasta
1198920	00099116	rządowej dotacji	rządowa dotacja
21704	00099117	Mierzeję Wiślaną	Mierzeja Wiślana
30949	00099117	Urzędowi Morskiemu w Gdyni	Urząd Morski w Gdyni
305025	00099117	Minister Gospodarki Morskiej	Minister Gospodarki Morskiej
1198925	00099117	środków europejskich	środki europejskie
1198927	00099117	gmin nadzalewowych	gmina nadzalewowa
1198923	00099117	przetarg na studium wykonalności	przetarg na studium wykonalności
34368	00099117	Jarosława Kaczyńskiego	Jarosław Kaczyński
1198924	00099117	dokumentację techniczną	dokumentacja techniczna
1198926	00099117	środków budżetowych	środki budżetowe
305027	00099118	prezes Polskiego Stronnictwa Ludowego	prezes Polskiego Stronnictwa Ludowego
1198929	00099118	nowych państw członkowskich	nowe państwo członkowskie
1198928	00099118	unijnego budżetu	unijny budżet
21709	00099118	Ligi Polskich Rodzin	Liga Polskich Rodzin
305028	00099119	premier Wielkiej Brytanii	premier Wielkiej Brytanii
1198931	00099119	porozumienia budżetowego	porozumienie budżetowe
1198933	00099119	rabatu we wpłatach do budżetu UE	rabat we wpłatach do budżetu UE
1198932	00099119	funduszy dla nowych krajów UE	fundusz dla nowych krajów UE
1198934	00099119	nowych członków UE	nowy członek UE
1198930	00099119	bardziej oszczędnego budżetu	bardziej oszczędny budżet
11756	00099120	Mulewicza	Mulewicz
1198940	00099120	rządu mniejszościowego	rząd mniejszościowy
1198938	00099120	poważnego kryzysu gospodarczego	poważny kryzys gospodarczy
1198939	00099120	inwestorów zagranicznych	inwestor zagraniczny
21720	00099120	Ligą Polskich Rodzin	Liga Polskich Rodzin
21721	00099120	Samoobroną	Samoobrona
21724	00099120	Prawa i Sprawiedliwości	Prawo i Sprawiedliwość
21725	00099120	Platformą Obywatelską	Platforma Obywatelska
1198941	00099121	firm istotnych dla państwa	firma istotna dla państwa
1198945	00099121	procesu decyzyjnego	proces decyzyjny
1198946	00099121	kompetencje rady nadzorczej	kompetencja rady nadzorczej
1198949	00099121	umów darowizny	umowa darowizny
21733	00099121	Skarbu Państwa	Skarb Państwa
1198947	00099121	zobowiązań warunkowych	zobowiązanie warunkowe
1198951	00099121	protokoły z posiedzenia rady nadzorczej	protokół z posiedzenia rady nadzorczej
1198948	00099121	gwarancji i poręczeń majątkowych	gwarancja i poręczenie majątkowe
1198944	00099121	rzecznik prasowy resortu	rzecznik prasowy resortu
1198954	00099122	domu mediowego	dom mediowy
1198953	00099122	polskim rynku	polski rynek
1198955	00099123	piątego operatora komórkowego	piąty operator komórkowy
34390	00099123	Romana Karkosika	Roman Karkosik
1198957	00099123	inwestorem branżowym	inwestor branżowy
34393	00099123	Romana Karkosika	Roman Karkosik
1198956	00099123	umowy dotyczącej roamingu krajowego	umowa dotycząca roamingu krajowego
11778	00099123	Polkomtelem	Polkomtel
21742	00099123	Parkiecie	Parkiet
21749	00099124	Ministerstwa Gospodarki	Ministerstwo Gospodarki
1198958	00099124	dobrego ośrodka akademickiego	dobry ośrodek akademicki
21752	00099125	Brytyjskie Towarzystwo Motoryzacyjne	Brytyjskie Towarzystwo Motoryzacyjne
1198959	00099125	paliw płynnych	paliwo płynne
21157	00099125	Wyspach Brytyjskich	Wyspy Brytyjskie
1198960	00099125	widmem konfliktu	widmo konfliktu
30950	00099126	Urzędu Miasta w Lublinie	Urząd Miasta w Lublinie
217080	00099126	Wydziału Ochrony Środowiska	Wydział Ochrony Środowiska
1198973	00099127	foczymi futrami	focze futro
1198975	00099127	mediów obywatelskich	media obywatelskie
1198969	00099127	kanadyjskiego rządu	kanadyjski rząd
1198964	00099127	młodzieżowych telewizjach muzycznych	młodzieżowa telewizja muzyczna
34397	00099127	Cezarym Wyszyńskim	Cezary Wyszyński
31401	00099127	Stowarzyszenia Empatia	Stowarzyszenie Empatia
1198961	00099127	petycjach papierowych	petycja papierowa
1198970	00099127	ogólnopolskich protestów przeciwko polowaniom	ogólnopolski protest przeciwko polowaniom
1198968	00099127	kanadyjskich myśliwych	kanadyjski myśliwy
1198976	00099127	długim łańcuchu	długi łańcuch
1198967	00099127	lokalnych organizacji	lokalna organizacja
21764	00099127	Gazecie Lubuskiej	Gazeta Lubuska
1198965	00099127	państw europy	państwo Europy
1198963	00099127	ogólnopolskich mediach	ogólnopolskie media
1198972	00099127	foczego oleju	foczy olej
1198966	00099127	starszym osobom	starsza osoba
1198962	00099127	foczych futer	focze futro
21776	00099128	Kosmicznego Teleskopu Hubble'a	Kosmiczny Teleskop Hubble'a
1198979	00099128	fal rentgenowskich	fala rentgenowska
34399	00099128	Subrahmanyana Chandrasekhara	Subrahmanyan Chandrasekhar
1198981	00099128	obiektów kosmicznych	obiekt kosmiczny
1198978	00099128	maksymalną masę białego karła	maksymalna masa białego karła
1198980	00099128	fali świetlnej	fala świetlna
1198977	00099128	promieni rentgenowskich	promień rentgenowski
1198982	00099128	czarnych dziur	czarna dziura
15753	00099129	Wenezuelę	Wenezuela
1198986	00099129	reform gospodarczych	reforma gospodarcza
1198983	00099129	samolotów startujących z lotniskowców	samolot startujący z lotniskowców
1198984	00099129	wenezuelskiej ropy	wenezuelska ropa
1198987	00099130	nazwy handlowej	nazwa handlowa
1198989	00099130	chińskiej firmy	chińska firma
1198988	00099130	zarejestrowaną nazwą handlową	zarejestrowana nazwa handlowa
1198991	00099131	większych dodatków do pensji	większy dodatek do pensji
34404	00099131	Rewolucji kulturalnej	Rewolucja kulturalna
1198993	00099131	właścicielami szkół	właściciele szkół
1198990	00099131	prywatnych szkół podstawowych	prywatna szkoła podstawowa
1198992	00099131	wyposażenia szkół	wyposażenie szkół
1198996	00099132	pierwszego chińskiego czterordzeniowego procesora ogólnego zastosowania	pierwszy chiński czterordzeniowy procesor ogólnego zastosowania
1198995	00099132	procesorów komputerowych	procesor komputerowy
1198998	00099132	technologicznej niezależności	technologiczna niezależność
1198997	00099132	taniego procesora dla każdego	tani procesor dla każdego
1198999	00099133	pojazdów elektrycznych	pojazd elektryczny
1199004	00099133	internetowego wydania tygodnika Der Spiegel	internetowe wydanie tygodnika Der Spiegel
1199000	00099133	piractwo przemysłowe	piractwo przemysłowe
1199001	00099133	politykę wobec piratów	polityka wobec piratów
15767	00099133	Węgrzech	Węgry
1199002	00099133	programów komputerowych	program komputerowy
1199005	00099133	planów technicznych	plan techniczny
21796	00099134	Państwa Środka	Państwo Środka
21802	00099134	produkt krajowy brutto	produkt krajowy brutto
1199008	00099134	stopie wzrostu gospodarczego	stopa wzrostu gospodarczego
1199006	00099134	trzeciej największej gospodarki świata	trzecia największa gospodarka świata
1199007	00099134	stopie wzrostu gospodarczego	stopa wzrostu gospodarczego
15771	00099134	Chińskiej Republice Ludowej	Chińska Republika Ludowa
34409	00099134	Wielką Brytanię	Wielka Brytania
1199009	00099134	dochodu per capita	dochód per capita
21801	00099134	Banku Światowego	Bank Światowy
1199013	00099135	rezerw celowych	rezerwa celowa
1199010	00099135	klubu parlamentarnego PO	klub parlamentarny PO
1199012	00099135	administracji publicznej	administracja publiczna
1199011	00099135	dodatkowe wynagrodzenia dla nauczycieli	dodatkowe wynagrodzenie dla nauczycieli
34475	00099135	Kancelarii Prezydenta	Kancelaria Prezydenta
30956	00099136	Operę Mobile/Mini	Opera Mobile/Mini
21815	00099136	Mozilli	Mozilla
1199015	00099136	komórkowego systemu Google	komórkowy system Google
1199014	00099136	systemem operacyjnym	system operacyjny
1199016	00099137	amerykańskiej firmy zliczającej statystyki Internetu	amerykańska firma zliczająca statystyki Internetu
1199017	00099137	użytkowników sieci	użytkownik sieci
1199020	00099138	karetkę pogotowia	karetka pogotowia
1199021	00099138	objawami wyczerpania organizmu	objaw wyczerpania organizmu
1199019	00099138	akcję protestacyjną	akcja protestacyjna
1199018	00099138	kopalni Budryk	kopalnia Budryk
15791	00099139	Atenach	Ateny
1199023	00099139	pracowników i emerytów sektora publicznego	pracownik i emeryt sektora publicznego
1199022	00099139	pomocy finansowej	pomoc finansowa
1199024	00099140	lubelskiej cukrowni	lubelska cukrownia
15796	00099140	Cukrowni Brześć Kujawski	Cukrownia Brześć Kujawski
304682	00099140	Programów Dobrowolnych Odejść	Program Dobrowolnych Odejść
15797	00099140	Cukrowni Łapy	Cukrownia Łapy
15798	00099140	Krajową Spółka Cukrową SA	Krajowa Spółka Cukrowa SA
1199025	00099141	szwedzkich emerytów	szwedzki emeryt
21834	00099141	Centralnego Szwedzkiego Urzędu Statystycznego	Centralny Szwedzki Urząd Statystyczny
34426	00099141	koron szwedzkich	korona szwedzka
1199027	00099142	Globalną kampanię	globalna kampania
1199028	00099142	rolę tytułowego bohatera	rola tytułowego bohatera
34434	00099142	Jamesem Bondem	James Bond
11845	00099142	Coca Coli	Coca Cola
1199026	00099142	brytyjskim rynku	brytyjski rynek
1199031	00099143	Doradcą finansowym	Doradca finansowy
21840	00099143	Komisji Nadzoru Finansowego	Komisja Nadzoru Finansowego
21842	00099143	Europie Środkowo-Wschodniej	Europa Środkowo-Wschodnia
1199029	00099143	anonimowe źródło agencji	anonimowe źródło agencji
11852	00099143	Centralny Dom Maklerski Pekao	Centralny Dom Maklerski Pekao
11855	00099143	Giełdy Papierów Wartościowych	Giełda Papierów Wartościowych
35708	00099143	Zarządu Cyfrowego Polsatu S.A.	Zarząd Cyfrowego Polsatu S.A.
21843	00099143	Bożym Narodzeniem	Boże Narodzenie
1199032	00099143	warszawskiej giełdzie	warszawska giełda
1199030	00099143	oficjalnym komunikacie	oficjalny komunikat
21844	00099143	Komisji Nadzoru Finansowego	Komisja Nadzoru Finansowego
11865	00099144	Cyfrowego Polsatu	Cyfrowy Polsat
1199034	00099144	globalnej oferty spółki	globalna oferta spółki
1199037	00099144	polską platformą telewizji cyfrowej	polska platforma telewizji cyfrowej
1199033	00099144	operatorów płatnej telewizji satelitarnej	operator płatnej telewizji satelitarnej
1199036	00099144	kadry menedżerskiej	kadra menedżerska
11862	00099144	Giełdy Papierów Wartościowych	Giełda Papierów Wartościowych
1199039	00099145	fabryce kineskopów	fabryka kineskopów
1199038	00099145	inwestycji zagranicznych	inwestycja zagraniczna
1199040	00099145	centrum badawczo-rozwojowe	centrum badawczo-rozwojowe
21163	00099146	Cesarstwa Austriackiego	Cesarstwo Austriackie
15809	00099146	Czechosłowacji	Czechosłowacja
21850	00099147	Polskiego Górnictwa Naftowego i Gazownictwa	Polskie Górnictwo Naftowe i Gazownictwo
21849	00099147	Ministerstwu Gospodarki	Ministerstwo Gospodarki
1199043	00099147	połowie maja	połowa maja
1199041	00099147	listu intencyjnego	list intencyjny
1199044	00099147	koncesji na eksploatację złóż	koncesja na eksploatację złóż
1199042	00099147	kazachskiej państwowej spółki naftowej	kazachska państwowa spółka naftowa
15816	00099148	Turkmenistanu	Turkmenistan
1199045	00099148	transmisją na żywo	transmisja na żywo
305033	00099148	premier Ukrainy	premier Ukrainy
1199047	00099149	skraju bankructwa	skraj bankructwa
1199046	00099149	województwie lubuskim	województwo lubuskie
1199048	00099149	wielooddziałowych specjalistycznych szpitali	wielooddziałowy specjalistyczny szpital
1199050	00099150	spór zbiorowy z firmą	spór zbiorowy z firmą
1199049	00099150	dwugodzinny strajk	dwugodzinny strajk
1199052	00099151	liczby bezrobotnych	liczba bezrobotnych
1199051	00099151	krajach Europy	kraj Europy
1199053	00099152	lokalne biura pośrednictwa pracy	lokalne biuro pośrednictwa pracy
1199055	00099152	duńskim budownictwie i rolnictwie	duńskie budownictwo i rolnictwo
1199054	00099152	duńskiego parlamentu	duński parlament
1199056	00099152	rynku nielegalnej pracy obcokrajowców	rynek nielegalnej pracy obcokrajowców
1199059	00099153	lotniska Kastrup	lotnisko Kastrup
1199060	00099153	skandynawskiego towarzystwa lotniczego	skandynawskie towarzystwo lotnicze
1199057	00099153	duńskiego personelu kabinowego linii lotniczych SAS	duński personel kabinowy linii lotniczych SAS
1199058	00099153	władzami SAS	władze SAS
31411	00099154	Torbena Nielsena	Torben Nielsen
305034	00099154	prezesa Narodowego Banku	prezes Narodowego Banku
1199062	00099154	negatywnego wyniku referendum	negatywny wynik referendum
1199061	00099154	wzorach banknotów	wzór banknotów
1199063	00099155	krajów strefy euro	kraj strefy euro
1199064	00099155	wysokości wsparcia finansowego	wysokość wsparcia finansowego
1199065	00099155	pomoc finansową	pomoc finansowa
21879	00099156	Politechnika Łódzka	Politechnika Łódzka
1199066	00099156	planowanej autostrady A1	planowana autostrada A1
1199070	00099157	zakładów produkcyjnych i montażowni	zakład produkcyjny i montażownia
1199068	00099157	konfigurowalne komputery składane na zamówienie	konfigurowalny komputer składany na zamówienie
15851	00099157	Stanach Zjednoczonych	Stany Zjednoczone
1199067	00099157	modelu biznesowego	model biznesowy
1199069	00099157	preferencyjne warunki podatkowe	preferencyjne warunki podatkowe
1199072	00099158	dyrektor zarządzający	dyrektor zarządzający
1199073	00099158	sieci hipermarketów Tesco	sieć hipermarketów Tesco
1199074	00099159	fabryki informatycznego koncernu Dell	fabryka informatycznego koncernu Dell
1199075	00099159	osiedlu Olechów	osiedle Olechów
1199078	00099160	nieznanych wcześniej asteroid	nieznana wcześniej asteroida
1199077	00099160	czterech zakresach fal podczerwonych	cztery zakresy fal podczerwonych
1199076	00099160	amerykańska agencja badań kosmicznych NASA	amerykańska agencja badań kosmicznych NASA
21904	00099160	Szerokokątny Podczerwony Teleskop Badawczy	Szerokokątny Podczerwony Teleskop Badawczy
1199080	00099161	rządowemu projektowi odebrania prawa do wcześniejszej emerytury	rządowy projekt odebrania prawa do wcześniejszej emerytury
11930	00099161	Grymela	Grymel
1199081	00099161	strajku ostrzegawczego	strajk ostrzegawczy
1199086	00099162	interwencji sił porządkowych	interwencja sił porządkowych
1199084	00099162	reprezentacyjnym ateńskim placu Syntagma	reprezentacyjny ateński plac Syntagma
1199087	00099162	pomoc finansową	pomoc finansowa
1199082	00099162	planowanym cięciom w budżecie	planowane cięcie w budżecie
21913	00099162	Międzynarodowego Funduszu Walutowego	Międzynarodowy Fundusz Walutowy
1199083	00099162	budynku ministerstwa finansów	budynek ministerstwa finansów
1199085	00099162	luksusowego hotelu	luksusowy hotel
1199088	00099163	głęboką restrukturyzację	głęboka restrukturyzacja
21918	00099163	Europy Wschodniej	Europa Wschodnia
1199089	00099164	Amerykański wahadłowiec Discovery	amerykański wahadłowiec Discovery
21923	00099164	Międzynarodowej Stacji Kosmicznej	Międzynarodowa Stacja Kosmiczna
1199091	00099164	"hermetycznym module logistycznym ""Leonardo"""	"hermetyczny moduł logistyczny ""Leonardo"""
1199090	00099164	siedmioosobową załogą	siedmioosobowa załoga
31428	00099164	Tima Koprę	Tim Kopra
1199093	00099165	pokładzie promu	pokład promu
1199098	00099165	nowego środka transportu ludzi i surowców w kosmos	nowy środek transportu ludzi i surowców w kosmos
1199099	00099165	końcem programu wahadłowców	koniec programu wahadłowców
1199094	00099165	sprzyjającym warunkom atmosferycznym	sprzyjające warunki atmosferyczne
1199100	00099165	dodatkową przestrzeń	dodatkowa przestrzeń
1199097	00099165	ramieni kosmicznych	ramię kosmiczne
1199101	00099165	telewizję internetową NASA_TV	telewizja internetowa NASA_TV
1199096	00099165	metalowych próbek	metalowa próbka
1199095	00099165	zapasów żywności	zapasy żywności
31015	00099165	Centrum Lotów Kosmicznych imienia Johna F. Kennedy'ego	Centrum Lotów Kosmicznych imienia Johna F. Kennedy'ego
34527	00099165	Johna F. Kennedy'ego	John F. Kennedy
21980	00099166	Autonomii Palestyńskiej	Autonomia Palestyńska
11955	00099167	Microsoftu	Microsoft
1199102	00099167	preinstalowanym systemem Microsoft HPC Server 2008	preinstalowany system Microsoft HPC Server 2008
1199103	00099167	wymaganiami stawianymi przez konkretne aplikacje	wymagania stawiane przez konkretne aplikacje
22010	00099168	PIT-ów	PIT
1199105	00099168	armię urzędników	armia urzędników
1199107	00099168	nowych pracowników	nowy pracownik
1199106	00099168	obiecywanych oszczędności	obiecywane oszczędności
1199110	00099169	Najwyższą wartość	najwyższa wartość
22973	00099169	Nowojorskiej Giełdzie Papierów Wartościowych	Nowojorska Giełda Papierów Wartościowych
1199111	00099169	inwestorów giełdowych	inwestor giełdowy
22979	00099169	Giełdzie Papierów Wartościowych	Giełda Papierów Wartościowych
1199108	00099169	światowych giełdach	światowa giełda
1199109	00099169	psychologicznego oporu	psychologiczny opór
22976	00099170	Nowojorskiej Giełdzie Papierów Wartościowych	Nowojorska Giełda Papierów Wartościowych
1199112	00099170	pierwszej publikacji	pierwsza publikacja
31438	00099171	Zyty Gilowskiej	Zyta Gilowska
1199113	00099171	akcyzę na oleje opałowe	akcyza na oleje opałowe
1199114	00099171	dolewaniu olejów do benzyny	dolewanie olejów do benzyny
22036	00099172	Narodowego Funduszu Zdrowia	Narodowy Fundusz Zdrowia
1199115	00099172	tej grupy zawodowej	ta grupa zawodowa
1199116	00099172	mniejszą ilość świadczeń dla pacjentów	mniejsza ilość świadczeń dla pacjentów
22041	00099172	Ogólnopolskiego Związku Zawodowego Lekarzy	Ogólnopolski Związek Zawodowy Lekarzy
22039	00099172	Naczelnej Izby Lekarskiej	Naczelna Izba Lekarska
1199117	00099172	wzrostu gospodarczego	wzrost gospodarczy
1199118	00099173	zakończeniu wyroku	zakończenie wyroku
15892	00099173	Arabii Saudyjskiej	Arabia Saudyjska
1199119	00099173	innej pracy	inna praca
15896	00099173	Emiratach Arabskich	Emiraty Arabskie
1199120	00099174	krajów Unii Europejskiej	kraj Unii Europejskiej
22045	00099174	Europejskiego Urzędu Statystycznego	Europejski Urząd Statystyczny
15903	00099174	Szwajcarię	Szwajcaria
22049	00099174	półwyspu Bałkańskiego	Półwysep Bałkański
15908	00099174	Bośnię i Hercegowinę	Bośnia i Hercegowina
1199124	00099175	serię przyszłych procesów w sprawie afery Volkswagena	seria przyszłych procesów w sprawie afery Volkswagena
305037	00099175	menedżerowi kadrowemu	menedżer kadrowy
31453	00099175	Klausowi-Joachimowi Gebauerowi	Klaus-Joachim Gebauer
1199123	00099175	dwóch rozprawach	dwie rozprawy
11983	00099175	Volkswagena	Volkswagen
11991	00099175	Gebauerowi	Gebauer
305036	00099175	głównego zarządcy rady zakładowej	główny zarządca rady zakładowej
31448	00099175	Petera Hartza	Peter Hartz
31452	00099175	Hansa-Jürgena Uhla	Hans-Jürgen Uhl
31454	00099175	Helmuthowi Schusterowi	Helmuth Schuster
305038	00099175	dyrektorowi kadrowemu	dyrektor kadrowy
1199126	00099176	budowy kolejnych 12 reaktorów	budowa kolejnych 12 reaktorów
15923	00099176	Korei Południowej	Korea Południowa
1199125	00099176	całkowitą liczbę budowanych reaktorów jądrowych	całkowita liczba budowanych reaktorów jądrowych
1199128	00099177	Nowym kandydatem na stanowisko połączonych resortów	nowy kandydat na stanowisko połączonych resortów
31457	00099177	Janusza Steinhoffa	Janusz Steinhoff
1199127	00099177	połączenia dwóch resortów	połączenie dwóch resortów
31460	00099177	Adama Hofmana	Adam Hofman
31458	00099177	Jerzego Buzka	Jerzy Buzek
1199130	00099177	szefa komisji bankowej	szef komisji bankowej
1199129	00099177	przekształceń własnościowych	przekształcenie własnościowe
1199134	00099178	kolejnego podatku	kolejny podatek
1199132	00099178	wystarczająco dużo podatków	wystarczająco dużo podatków
1199133	00099178	surowej benzyny	surowa benzyna
305046	00099178	ministrowi gospodarki	minister gospodarki
31461	00099178	Waldemarowi Pawlakowi	Waldemar Pawlak
1199131	00099178	oleju napędowego	olej napędowy
1199135	00099179	fatalnymi skutkami kryzysu gospodarczego	fatalny skutek kryzysu gospodarczego
1199136	00099179	milionowych stratach	milionowa strata
31165	00099179	Kurii Rzymskiej	Kuria Rzymska
1199141	00099179	łączną wartość wszystkich dóbr Watykanu	łączna wartość wszystkich dóbr Watykanu
1199139	00099179	nowe formy inwestycji	nowa forma inwestycji
1199140	00099179	chwilowych problemów	chwilowy problem
1199137	00099179	tajnym dokumencie prefektury do spraw ekonomicznych	tajny dokument prefektury do spraw ekonomicznych
1199181	00099180	świętami Bożego Narodzenia	święto Bożego Narodzenia
1199180	00099180	wersji pudełkowej	wersja pudełkowa
1199182	00099180	nowych komputerach	nowy komputer
1199187	00099181	Operator danej platformy	operator danej platformy
1199183	00099181	sygnały zgłaszane przez czytelników	sygnał zgłaszany przez czytelników
1199185	00099181	trudności związanych z gromadzeniem danych	trudność związana z gromadzeniem danych
1199184	00099181	aukcjach internetowych	aukcja internetowa
1199188	00099181	nieuczciwymi podatnikami	nieuczciwy podatnik
1199186	00099181	zbieranie danych o handlujących w sieci	zbieranie danych o handlujących w sieci
1199191	00099182	sekretarza urzędu miasta	sekretarz urzędu miasta
1199193	00099182	zastąpienie wizyty w urzędzie przesłaniem potrzebnych danych	zastąpienie wizyty w urzędzie przesłaniem potrzebnych danych
1199189	00099182	trzech milionów zarejestrowanych	trzy miliony zarejestrowanych
1199192	00099182	kwalifikowanego podpisu elektronicznego	kwalifikowany podpis elektroniczny
1199190	00099182	centralnie skoordynowanego systemu administracji państwa	centralnie skoordynowany system administracji państwa
1199200	00099183	prowadzenie darmowych rozmów głosowych	prowadzenie darmowych rozmów głosowych
1199195	00099183	platformę handlowo-telekomunikacyjną	platforma handlowo-telekomunikacyjna
1199194	00099183	zakupie firmy telekomunikacyjnej	zakup firmy telekomunikacyjnej
1199196	00099183	umożliwienie uiszczania opłat za dodatkowe usługi głosowe	umożliwienie uiszczania opłat za dodatkowe usługi głosowe
1199198	00099183	łatwiejsze komunikowanie się sprzedających	łatwiejsze komunikowanie się sprzedających
31184	00099183	Skype'a	Skype
22076	00099183	eBay'a	eBay
1199197	00099183	telefony stacjonarne	telefon stacjonarny
1199199	00099183	publicznej wiadomości	publiczna wiadomość
1199204	00099184	małżeństw jednopłciowych	małżeństwo jednopłciowe
1199201	00099184	czołowych ekonomistów	czołowy ekonomista
1199205	00099184	publicznej opieki medycznej	publiczna opieka medyczna
31192	00099184	Propozycję 8	Propozycja 8
1199203	00099184	podatków komunalnych	podatek komunalny
1199202	00099184	znaczne ożywienie gospodarki tego miasta	znaczne ożywienie gospodarki tego miasta
1199210	00099185	zakładów produkujących aparaturę medyczną Hebei	zakład produkujący aparaturę medyczną Hebei
1199206	00099185	indyjski właściciel zakładu	indyjski właściciel zakładu
1199211	00099185	proteście przeciwko łamaniu praw pracowniczych	protest przeciwko łamaniu praw pracowniczych
1199208	00099185	przewodniczącego związków zawodowych	przewodniczący związków zawodowych
1199209	00099185	opóźnieniom w wypłacie należnych im świadczeń socjalnych	opóźnienie w wypłacie należnych im świadczeń socjalnych
1199212	00099186	poważne zagrożenie ekologiczne	poważne zagrożenie ekologiczne
1199215	00099186	400-stronicowego raportu ONZ	400-stronicowy raport ONZ
1199213	00099186	efekt cieplarniany na Ziemi	efekt cieplarniany na Ziemi
1199214	00099186	gałęzią przemysłu	gałąź przemysłu
1199216	00099186	emisji spalin przez samochody	emisja spalin przez samochody
1199219	00099187	wybranych modelach telefonów	wybrany model telefonu
1199217	00099187	wadliwą baterię	wadliwa bateria
1199218	00099187	zwarcie w czasie ładowania	zwarcie w czasie ładowania
305059	00099188	Europejski urząd statystyczny	Europejski urząd statystyczny
1199222	00099188	prognoz ekonomistów	prognoza ekonomistów
1199223	00099188	czynnikiem napędzającym gospodarkę	czynnik napędzający gospodarkę
1199220	00099188	oczekiwania analityków	oczekiwanie analityków
1199221	00099188	ożywienie gospodarki	ożywienie gospodarki
1199224	00099188	uwzględnieniu czynników sezonowych	uwzględnienie czynników sezonowych
1199227	00099189	badania eksperckie	badanie eksperckie
34551	00099189	Aleksandara Łukaszenki	Aleksandr Łukaszenka
1199225	00099189	budowy elektrowni atomowej	budowa elektrowni atomowej
1199228	00099189	liście rezerwowej	lista rezerwowa
1199226	00099189	specjalnie powołany sztab	specjalnie powołany sztab
1199230	00099190	radzieckie czasy	radzieckie czasy
1199232	00099190	półtora miliarda euro	półtora miliarda euro
22095	00099190	Ignalinie	Ignalin
1199233	00099190	elektrownia nuklearna	elektrownia nuklearna
1199231	00099190	wspólną deklarację w sprawie budowy nowej elektrowni atomowej na Litwie	wspólna deklaracja w sprawie budowy nowej elektrowni atomowej na Litwie
1199234	00099191	polskim rynku telefonii komórkowej	polski rynek telefonii komórkowej
12034	00099191	Polkomtela	Polkomtel
1199238	00099191	współdzieleniu swoich sieci komórkowych	współdzielenie swoich sieci komórkowych
22097	00099191	Urzędu Komunikacji Elektronicznej	Urząd Komunikacji Elektronicznej
1199237	00099191	branżowego miesięcznika Twoja Komórka	branżowy miesięcznik Twoja Komórka
1199236	00099191	stacji bazowych	stacja bazowa
12037	00099191	Polską Telefonią Cyfrową	Polska Telefonia Cyfrowa
1199235	00099191	wspólną walką o klienta	wspólna walka o klienta
1199239	00099192	zmiany nazwy	zmiana nazwy
1199241	00099192	spór udziałowców	spór udziałowców
1199240	00099192	kłopotów właścicielskich	kłopot właścicielski
1199243	00099193	Badania opinii publicznej	badanie opinii publicznej
1199248	00099193	fazie planistycznej	faza planistyczna
1199244	00099193	168 stronicowego dokumentu	168 stronicowy dokument
1199246	00099193	ograniczaniu importu elektryczności	ograniczanie importu elektryczności
1199245	00099193	problem zagospodarowania odpadów radioaktywnych	problem zagospodarowania odpadów radioaktywnych
22105	00099193	Pokojową Nagrodę Nobla	Pokojowa Nagroda Nobla
1199242	00099193	elektrowni jądrowych	elektrownia jądrowa
1199247	00099193	procedur ochrony środowiska	procedura ochrony środowiska
1199249	00099194	porozumienia w sprawie dostaw gazu	porozumienie w sprawie dostaw gazu
1199251	00099194	czeskiej prezydencji	czeska prezydencja
1199252	00099194	zespoły międzynarodowych kontrolerów	zespół międzynarodowych kontrolerów
1199250	00099194	wznowienie dostaw gazu rosyjskiego	wznowienie dostaw gazu rosyjskiego
1199260	00099195	Plany rozwoju technologicznego	plan rozwoju technologicznego
1199254	00099195	wyszukiwarki internetowej nowej generacji	wyszukiwarka internetowa nowej generacji
1199258	00099195	konta wielkich firm niemieckich	konta wielkich firm niemieckich
1199257	00099195	cyfrowych bibliotekach	cyfrowa biblioteka
1199256	00099195	rozwoju technologii semantycznych	rozwój technologii semantycznych
1199255	00099195	nowoczesnymi przyrządami do identyfikacji	nowoczesny przyrząd do identyfikacji
1199253	00099195	badania nad technologiami wyszukiwania informacji w Internecie	badania nad technologiami wyszukiwania informacji w Internecie
1199261	00099195	treściami audiowizualnymi	treść audiowizualna
1199264	00099196	wspólnej kasy	wspólna kasa
1199262	00099196	uniknięcie pogłębienia kryzysu	uniknięcie pogłębienia kryzysu
1199263	00099196	dużych dotacji na rolnictwo	duża dotacja na rolnictwo
1199265	00099196	obietnicy reformy finansów Unii	obietnica reform finansów Unii
1199266	00099197	zagranicznym spółkom kapitałowym	zagraniczna spółka kapitałowa
1199269	00099197	prowadzenie działalności w dziedzinie hazardu	prowadzenie działalności w dziedzinie hazardu
1199271	00099197	swobodę świadczenia usług	swoboda świadczenia usług
1199268	00099197	kara więzienia	kara więzienia
1199267	00099197	działalności w zakresie hazardu	działalność w zakresie hazardu
1199270	00099197	praktykom przestępczym	praktyka przestępcza
1199272	00099197	warunki uzyskania państwowej licencji	warunek uzyskania państwowej licencji
1199279	00099198	budowie wartości	budowa wartości
1199273	00099198	ramową umowę o współpracy	ramowa umowa o współpracy
1199277	00099198	budowy sieci rozległych	budowa sieci rozległych
1199275	00099198	zasadzie wyłączności	zasada wyłączności
1199280	00099198	wspólną ofertę handlową	wspólna oferta handlowa
12074	00099198	Telekomunikacji Kolejowej	Telekomunikacja Kolejowa
31217	00099198	Agencją Restrukturyzacji i Modernizacji Rolnictwa	Agencja Restrukturyzacji i Modernizacji Rolnictwa
1199278	00099198	usługi telefonii mobilnej	usługa telefonii mobilnej
1199274	00099198	klientów biznesowych	klient biznesowy
1199276	00099198	partnerami pierwszego wyboru	partner pierwszego wyboru
1199281	00099198	analogicznym okresie poprzedniego roku	analogiczny okres poprzedniego roku
34567	00099199	Faktu dla Wielkiej Brytanii	Fakt dla Wielkiej Brytanii
34562	00099199	Fakt dla Wielkiej Brytanii	Fakt dla Wielkiej Brytanii
1199283	00099199	pełnym programem telewizyjnym polskich stacji	pełny program telewizyjny polskich stacji
1199284	00099199	irlandzkich punktów sprzedaży	irlandzki punkt sprzedaży
1199282	00099199	etnicznych sklepach	etniczny sklep
1199290	00099200	budowę połączenia na lądzie	budowa połączenia na lądzie
1199287	00099200	kwestiami ekologicznymi	kwestia ekologiczna
1199289	00099200	piąty reaktor atomowy	piąty reaktor atomowy
1199288	00099200	energetykę jądrową	energetyka jądrowa
1199285	00099200	stołecznej elektrowni	stołeczna elektrownia
22138	00099200	Zatoki Fińskiej	Zatoka Fińska
1199286	00099200	sytuacji ekologicznej	sytuacja ekologiczna
1199306	00099201	usprawnieniem wyglądu interfejsu	usprawnienie wyglądu interfejsu
22166	00099201	Firefoksie	Firefoks
1199307	00099201	wygląd przycisków formularzy	wygląd przycisków formularzy
1199300	00099201	poprawki polepszające integrację wizualną Firefoksa	poprawka polepszająca integrację wizualną Firefoksa
22145	00099201	Firefoksa	Firefoks
22146	00099201	Linuksem	Linuks
22179	00099202	Mozilli	Mozilla
1199335	00099202	możliwość synchronizacji zakładek	możliwość synchronizacji zakładek
1199334	00099202	mobilną przeglądarkę	mobilna przeglądarka
1199355	00099202	zasadach open source	zasada open source
31229	00099202	Korporację Mozilla	Korporacja Mozilla
1199381	00099203	udzielenie pomocy publicznej przedsiębiorstwom	udzielenie pomocy publicznej przedsiębiorstwom
1199373	00099203	projekt ustawy o finansach publicznych	projekt ustawy o finansach publicznych
22181	00099203	Funduszu Restrukturyzacji Przedsiębiorców	Fundusz Restrukturyzacji Przedsiębiorców
22189	00099203	Urzędu Ochrony Konkurencji i Konsumentów	Urząd Ochrony Konkurencji i Konsumentów
1199375	00099203	likwidację funduszy celowych	likwidacja funduszy celowych
1199389	00099203	uniknięcie negatywnych konsekwencji	uniknięcie negatywnych konsekwencji
1199393	00099204	elektronicznych deklaracji	elektroniczna deklaracja
1199391	00099204	dwóch wzorów	dwa wzory
1199390	00099204	harmonogramu Ministerstwa Finansów	harmonogram Ministerstwa Finansów
1199465	00099205	niezapłaconych podatków	niezapłacony podatek
1199471	00099205	wirtualne pieniądze	wirtualny pieniądz
1199469	00099205	kropla w morzu szarej strefy	kropla w morzu szarej strefy
1199474	00099205	ryzyko zderzenia z kontrolą skarbową	ryzyko zderzenia z kontrolą skarbową
1199472	00099205	normalną działalność gospodarczą	normalna działalność gospodarcza
1199479	00099206	współpracy z platformami cyfrowymi	współpraca z platformami cyfrowymi
1199475	00099206	emisję nowego kanału	emisja nowego kanału
1199476	00099206	amerykańskie seriale	amerykański serial
1199477	00099206	polskim rynku	polski rynek
1199484	00099207	liczba pracowników sezonowych	liczba pracowników sezonowych
1199480	00099207	początkiem swojego przewodnictwa	początek swojego przewodnictwa
1199485	00099207	wykwalifikowanych specjalistów sektora bankowego	wykwalifikowany specjalista sektora bankowego
1199483	00099207	nowych krajów wspólnoty	nowy kraj wspólnoty
1199481	00099207	państw postkomunistycznych	państwo postkomunistyczne
1199482	00099207	pełnym otwarciu rynku pracy	pełne otwarcie rynku pracy
1199486	00099208	kontynuacją poprzedniego strajku	kontynuacja poprzedniego strajku
1199487	00099208	szczytu społecznego	szczyt społeczny
1199488	00099208	konsekwencją strajków	konsekwencja strajków
1199489	00099208	problemów gospodarczych	problem gospodarczy
19256	00099208	Sarkozy’ego	Sarkozy
1199490	00099209	swoją wysłużoną flotę pociągów TGV	swoja wysłużona flota pociągów TGV
1199491	00099209	jesieni 2007 roku	jesień 2007 roku
1199492	00099209	rekord prędkości	rekord prędkości
306127	00099209	dyrektora generalnego SNCF	dyrektor generalny SNCF
34579	00099209	Guillaume'a Pépy	Guillaume Pépy
17499	00099210	Hawrze	Hawr
1199493	00099210	strajk agentów portowych	strajk agentów portowych
1199496	00099210	wyładunek jednostki	wyładunek jednostki
1199494	00099210	planom jej prywatyzacji	plan jej prywatyzacji
1199500	00099211	morskiego odcinka magistrali	morski odcinek magistrali
1199498	00099211	skutków oddziaływania gazociągu na środowisko naturalne	skutek oddziaływania gazociągu na środowisko naturalne
1199497	00099211	uspokojenie nastrojów	uspokojenie nastrojów
1199499	00099211	kwestii bezpieczeństwa energetycznego	kwestia bezpieczeństwa energetycznego
22208	00099211	Gazociągu Północnego	Gazociąg Północny
1199503	00099212	zmiany formy prawnej	zmiana formy prawnej
1199506	00099212	skomplikowane procedury wstępne	skomplikowana procedura wstępna
1199507	00099212	obowiązek zawarcia porozumienia z przedstawicielami pracowników	obowiązek zawarcia porozumienia z przedstawicielami pracowników
1199501	00099212	nadzwyczajnym walnym zgromadzeniu	nadzwyczajne walne zgromadzenie
1199504	00099212	uproszczenia struktur	uproszczenie struktur
1199502	00099212	skalę międzynarodową	skala międzynarodowa
1199508	00099212	kształtu reprezentacji pracowniczej	kształt reprezentacji pracowniczej
1199505	00099212	konsolidacji bilansów	konsolidacja bilansów
1199514	00099213	panelu dyskusyjnym	panel dyskusyjny
1199515	00099213	oficjalnej części projektu	oficjalna część projektu
1199510	00099213	certyfikowane szkolenia	certyfikowane szkolenie
1199511	00099213	przedstawicielami lubelskiego biznesu	przedstawiciel lubelskiego biznesu
1199513	00099213	rozwijaniem własnego biznesu	rozwijanie własnego biznesu
1199512	00099213	imprezę integracyjną	impreza integracyjna
1199516	00099214	wysokiej liczby zgłoszeń	wysoka liczba zgłoszeń
1199521	00099214	najtęższymi umysłami	najtęższy umysł
1199524	00099214	panel ekspercki	panel ekspercki
34587	00099214	Pioniera Technologii	Pionier Technologii
1199518	00099214	skalę światową	skala światowa
22227	00099214	Fundację Wikimedia	Fundacja Wikimedia
1199522	00099214	innowacyjnych rozwiązań	innowacyjne rozwiązanie
1199523	00099214	układy biznesowe	układ biznesowy
1199525	00099214	nakłanianie światowych przywódców	nakłanianie światowych przywódców
22213	00099214	Pioniera Technologii	Pionier Technologii
1199519	00099214	rozwój innowacji technologicznych zmieniających życie	rozwój innowacji technologicznych zmieniających życie
1199517	00099214	techniki obiegu informacji	technika obiegu informacji
1199520	00099214	zdolności przywódcze	zdolność przywódcza
1199527	00099215	Szefem nowej spółki	szef nowej spółki
1199528	00099215	Zdaniem analityków	zdanie analityków
1199529	00099215	rynku telekomunikacyjnym	rynek telekomunikacyjny
1199526	00099215	sprzęt telekomunikacyjny	sprzęt telekomunikacyjny
1199532	00099220	Prezesem dwuosobowego zarządu	prezes dwuosobowego zarządu
1199534	00099220	zapisami umowy	zapis umowy
1199530	00099220	wartości transakcji	wartość transakcji
1199536	00099220	kolejnym krokiem	kolejny krok
1199535	00099220	rozwoju naszych nowych projektów	rozwój naszych nowych projektów
1199531	00099220	rynkowych prawach	rynkowe prawo
1199533	00099220	zarządu spółki	zarząd spółki
1199542	00099221	Punktem odniesienia do obniżek	punkt odniesienia do obniżek
1199537	00099221	siedmiu najbardziej uprzemysłowionych państw świata	siedem najbardziej uprzemysłowionych państw świata
1199540	00099221	wysiłkami zmierzającymi do tego celu	wysiłek zmierzający do tego celu
1199538	00099221	emisji gazów cieplarnianych	emisja gazów cieplarnianych
1199541	00099221	poziomu emisji gazów	poziom emisji gazów
22233	00099221	Protokołu z Kioto	Protokół z Kioto
19238	00099221	Angelę	Angela
1199539	00099221	wspólnym oświadczeniu	wspólne oświadczenie
1199543	00099222	Stopa bezrobocia	stopa bezrobocia
1199544	00099222	aktywności ekonomicznej ludności	aktywność ekonomiczna ludności
1199545	00099222	analogicznym okresie	analogiczny okres
34607	00099223	Banku Rezerw Federalnych	Bank Rezerw Federalnych
1199547	00099223	szefem kancelarii Białego Domu	szef kancelarii Białego Domu
1199546	00099223	dobie kryzysu finansowego	doba kryzysu finansowego
1199550	00099223	stabilizowaniu systemu finansowego	stabilizowanie systemu finansowego
306161	00099223	Sekretarza Skarbu	Sekretarz Skarbu
34606	00099223	Baracka Obamy	Barack Obama
1199548	00099223	kryzysami gospodarczymi	kryzys gospodarczy
1199549	00099223	zastępcą sekretarza skarbu do spraw międzynarodowych	zastępca sekretarza skarbu do spraw międzynarodowych
1199553	00099224	olbrzymią ilość miejsc pracy	olbrzymia ilość miejsc pracy
1199560	00099224	szerzenie idei programu	szerzenie idei programu
31245	00099224	Zespołu Szkół Ponadgimnazjalnych	Zespół Szkół Ponadgimnazjalnych
1199554	00099224	dobry okres gospodarczy	dobry okres gospodarczy
22246	00099224	Pałacu Prezydenckim	Pałac Prezydencki
1199552	00099224	gospodarkę każdego państwa	gospodarka każdego państwa
1199559	00099224	wyniki realizacji projektu	wynik realizacji projektu
22248	00099224	Ministerstwie Nauki i Szkolnictwa Wyższego	Ministerstwo Nauki i Szkolnictwa Wyższego
1199558	00099224	ogólnopolskiego programu jednodniowych praktyk	ogólnopolski program jednodniowych praktyk
1199556	00099224	przynajmniej ładnych kilka lat	przynajmniej ładnych kilka lat
22249	00099224	Fundacji Młodzieżowej Przedsiębiorczości	Fundacja Młodzieżowej Przedsiębiorczości
17451	00099224	Rzeczypospolitej Polskiej	Rzeczypospolita Polska
1199555	00099224	stopę procentową	stopa procentowa
1199563	00099225	wcześniejsze informacje	wcześniejsza informacja
1199565	00099225	większą podwyżkę	większa podwyżka
1199562	00099225	ceny gazu	cena gazu
1199564	00099225	pierwszym kwartale	pierwszy kwartał
1199566	00099225	jednocyfrowy wzrost cen	jednocyfrowy wzrost cen
1199561	00099225	wzrost cen gazu	wzrost cen gazu
1199568	00099226	Skutki sporów wokół gazu	skutek sporów wokół gazu
1199567	00099226	zasadach pracy międzynarodowych obserwatorów	zasady pracy międzynarodowych obserwatorów
17447	00099226	Gazpromu	Gazprom
34641	00099227	Kazimierza Marcinkiewicza	Kazimierz Marcinkiewicz
1199570	00099227	renegocjacje porozumień	renegocjacja porozumień
1199573	00099227	wzrostem cen ropy naftowej	wzrost cen ropy naftowej
12227	00099227	Polskim Górnictwem Naftowym i Gazownictwem	Polskie Górnictwo Naftowe i Gazownictwo
1199569	00099227	odpowiedzialnej za eksport gazu	odpowiedzialny za eksport gazu
1199571	00099227	tranzyt gazu	tranzyt gazu
1199572	00099227	zobowiązań inwestycyjnych obu stron	zobowiązanie inwestycyjne obu stron
17428	00099228	Ukrainy	Ukraina
17426	00099228	Ukrainą	Ukraina
1199574	00099228	wstrzymaniem dostaw gazu ziemnego	wstrzymanie dostaw gazu ziemnego
1199580	00099228	prozachodnie sympatie	prozachodnia sympatia
1199581	00099228	eskalacji konfliktu	eskalacja konfliktu
1199578	00099228	poradzieckich umów preferencyjnych	poradziecka umowa preferencyjna
1199575	00099228	sprawie jego ceny	sprawa jego ceny
1199576	00099228	warunków wolnorynkowych	warunki wolnorynkowe
1199582	00099228	międzynarodowym trybunałem arbitrażowym	międzynarodowy trybunał arbitrażowy
1199577	00099228	eksportem gazu	eksport gazu
1199579	00099228	reguł handlu międzynarodowego	reguła handlu międzynarodowego
34644	00099228	Wiktora Juszczenki	Wiktor Juszczenko
1199586	00099229	regulowaniu rachunków	regulowanie rachunków
1199583	00099229	wznowieniu dostaw gazu	wznowienie dostaw gazu
1199584	00099229	międzynarodowi obserwatorzy	międzynarodowy obserwator
1199585	00099229	przepływ gazu	przepływ gazu
1199588	00099230	stronę rosyjską	strona rosyjska
1199587	00099230	pełnej objętości	pełna objętość
1199590	00099230	tranzyt paliwa	tranzyt paliwa
1199591	00099230	fiaska negocjacji	fiasko negocjacji
306312	00099230	ukraińskiego	ukraiński
1199589	00099230	odsetkami karnymi	odsetki karne
1199599	00099231	trwałej poprawie pogody	trwała poprawa pogody
1199596	00099231	rozporządzeniem rządu	rozporządzenie rządu
1199592	00099231	klientów przemysłowych	klient przemysłowy
1199593	00099231	odbiorców indywidualnych	odbiorca indywidualny
1199595	00099231	paliwa gazowego	paliwo gazowe
1199594	00099231	poborze gazu ziemnego	pobór gazu ziemnego
1199598	00099231	rekordowy poziom zużycia gazu	rekordowy poziom zużycia gazu
1199603	00099232	drogą morską	droga morska
1199605	00099232	możliwości reeksportu gazu	możliwość reeksportu gazu
1199600	00099232	dywersyfikację kierunków dostaw gazu ziemnego	dywersyfikacja kierunków dostaw gazu ziemnego
34657	00099232	Andrzeja Kasprzaka	Andrzej Kasprzak
31258	00099232	Portu Północnego	Port Północny
12276	00099232	Morskiego Portu Gdańsk S.A	Morski Port Gdańsk S.A
1199601	00099232	terenie naszego kraju	teren naszego kraju
1199602	00099232	planie wybudowania terminalu	plan wybudowania terminalu
1199604	00099232	główny krajowy gazociąg	główny krajowy gazociąg
1199608	00099233	pierwszych 12 miesięcy	pierwsze 12 miesięcy
1199606	00099233	tanich linii lotniczych	tania linia lotnicza
1199607	00099233	portów lotniczych w Polsce	port lotniczy w Polsce
1199609	00099234	Głównym wykonawcą tej inwestycji	główny wykonawca tej inwestycji
34660	00099234	Porcie Północnym	Port Północny
1199611	00099234	sztucznie usypanym pirsie	sztucznie usypany pirs
1199612	00099234	rampą do obsługi statków	rampa do obsługi statków
1199613	00099234	czterotorowa bocznica kolejowa	czterotorowa bocznica kolejowa
22274	00099234	Zatoki Gdańskiej	Zatoka Gdańska
22276	00099234	Portu Gdańskiego	Port Gdański
1199610	00099234	następny okres	następny okres
1199615	00099235	Markową odzież	markowa odzież
1199621	00099235	przeciętny lokal	przeciętny lokal
1199620	00099235	pięciogwiazdkowym hotelu	pięciogwiazdkowy hotel
1199617	00099235	dobrej kawiarni	dobra kawiarnia
1199622	00099235	niską inflację	niska inflacja
1199623	00099235	środki komunikacji miejskiej	środek komunikacji miejskiej
1199619	00099235	najlepszych roczników	najlepszy rocznik
1199614	00099235	pierwszych miejscach listy	pierwsze miejsce listy
1199616	00099235	zagranicznymi zarobkami	zagraniczne zarobki
1199618	00099235	dużą filiżankę kawy	duża filiżanka kawy
31261	00099235	dolara amerykańskiego	dolar amerykański
1199630	00099236	docelową grupą klientów	docelowa grupa klientów
1199626	00099236	główny akcjonariusz	główny akcjonariusz
1199624	00099236	tematycznego kanału telewizyjnego TiMM	tematyczny kanał telewizyjny TiMM
1199633	00099236	produkcje krajowe	produkcja krajowa
1199629	00099236	kilkukrotnie odraczanych terminach	kilkukrotnie odraczany termin
1199627	00099236	kłopoty finansowe	kłopot finansowy
1199625	00099236	homoseksualnych odbiorców	homoseksualny odbiorca
1199631	00099236	niekodowanym kanałem tego typu	niekodowany kanał tego typu
1199628	00099236	majątku tej spółki	majątek tej spółki
1199634	00099236	kondycji finansowej	kondycja finansowa
1199636	00099237	ewentualnej inwestycji	ewentualna inwestycja
1199637	00099237	branży samochodowej	branża samochodowa
1199635	00099237	amerykańskiego koncernu motoryzacyjnego	amerykański koncern motoryzacyjny
22285	00099237	Chevrolety Lanos	Chevrolet Lanos
1199638	00099238	Centrum motoryzacji	centrum motoryzacji
1199643	00099238	obce ręce	obca ręka
1199641	00099238	większych koncernów	większy koncern
1199640	00099238	głębokiej reorganizacji spółki	głęboka reorganizacja spółki
1199644	00099239	próba zaoszczędzenia	próba zaoszczędzenia
1199645	00099239	marki samochodów	marka samochodów
1199646	00099239	produkcji silników okrętowych	produkcja silników okrętowych
1199647	00099239	technologii komunikacyjnych	technologia komunikacyjna
1199649	00099240	Główną misją projektu	główna misja projektu
1199651	00099240	Klientem GeoEye	klient GeoEye
1199650	00099240	dużym zainteresowaniem mediów	duże zainteresowanie mediów
1199648	00099240	niespotykanej komercyjnie jakości	niespotykana komercyjnie jakość
1199652	00099240	trybie czarno-białym	tryb czarno-biały
1199656	00099241	przedstawicieli najbardziej uprzemysłowionych państw świata	przedstawiciel najbardziej uprzemysłowionych państw świata
1199657	00099241	problemów gospodarki światowej	problem gospodarki światowej
1199653	00099241	lądowania samolotu	lądowanie samolotu
1199655	00099241	rozpoczęciem obrad szczytu	rozpoczęcie obrad szczytu
1199654	00099241	prywatne zaproszenie	prywatne zaproszenie
1199658	00099241	walki z terroryzmem	walka z terroryzmem
1199664	00099242	Giełdowi inwestorzy	giełdowy inwestor
1199660	00099242	zakończenie sesji giełdowej	zakończenie sesji giełdowej
1199662	00099242	poprzedniej sesji	poprzednia sesja
22978	00099242	Giełdzie Papierów Wartościowych	Giełda Papierów Wartościowych
1199661	00099242	psychologiczną barierę	psychologiczna bariera
1199659	00099242	historyczny rekord wszech czasów	historyczny rekord wszech czasów
1199663	00099242	nowe maksimum	nowe maksimum
1199669	00099243	Rolą doradcy	rola doradcy
34677	00099243	Giełdy Papierów Wartościowych w Warszawie	Giełda Papierów Wartościowych w Warszawie
1199670	00099243	dnia debiutu spółki	dzień debiutu spółki
1199668	00099243	pierwszych emitentów	pierwszy emitent
1199666	00099243	inwestorów akceptujących podwyższone ryzyko	inwestor akceptujący podwyższone ryzyko
1199667	00099243	potencjalnie wysoki zwrot	potencjalnie wysoki zwrot
1199665	00099243	wysokim potencjale wzrostu	wysoki potencjał wzrostu
1199679	00099244	giełdy nowojorskiej	giełda nowojorska
306690	00099244	nowojorskiej	nowojorski
34681	00099244	Izby Reprezentantów	Izba Reprezentantów
34679	00099244	Izbę Reprezentantów	Izba Reprezentantów
34682	00099244	Henry'ego Paulsona	Henry Paulson
1199673	00099244	międzynarodową opinię publiczną	międzynarodowa opinia publiczna
1199672	00099244	amerykańskiego sektora finansowego	amerykański sektor finansowy
1199676	00099244	spór ideologiczny	spór ideologiczny
22980	00099244	Giełdzie Papierów Wartościowych w Nowym Jorku	Giełda Papierów Wartościowych w Nowym Jorku
1199677	00099244	interwencjonizmu państwowego	interwencjonizm państwowy
1199678	00099244	jednodniowy spadek punktowy	jednodniowy spadek punktowy
1199680	00099245	oferty premiera	oferta premiera
1199681	00099245	byłej wicepremier	była wicepremier
1199682	00099246	wakacjami poselskimi	wakacje poselskie
1199685	00099246	dodatkowe posiedzenie	dodatkowe posiedzenie
1199683	00099246	ustawy o finansach publicznych	ustawa o finansach publicznych
1199684	00099246	tysiąca gospodarstw pomocniczych	tysiąc gospodarstw pomocniczych
34695	00099247	Elżbietę Chojnę-Duch	Elżbieta Chojna-Duch
22323	00099247	Rady Polityki Pieniężnej	Rada Polityki Pieniężnej
34700	00099247	Andrzeja Rzońcę	Andrzej Rzońca
34692	00099247	Zytę Gilowską	Zyta Gilowska
34696	00099247	Andrzeja Bratkowskiego	Andrzej Bratkowski
34693	00099247	Adama Glapińskiego	Adam Glapiński
34697	00099247	Annę Zielińską-Głębocką	Anna Zielińska-Głębocka
1199687	00099247	zakresu finansów	zakres finansów
12379	00099248	Gilowskiej	Gilowska
22336	00099248	Komisji Gospodarki Narodowej	Komisja Gospodarki Narodowej
34702	00099248	Kazimierza Marcinkiewicza	Kazimierz Marcinkiewicz
1200625	00099248	tarapatach finansowych	tarapaty finansowe
22342	00099248	Krajowej Rady Radiofonii i Telewizji	Krajowa Rada Radiofonii i Telewizji
22335	00099248	Prawa i Sprawiedliwości	Prawo i Sprawiedliwość
1200627	00099248	sektora finansów publicznych	sektor finansów publicznych
1200623	00099248	wydatków budżetowych	wydatek budżetowy
1200629	00099248	mechanizmie kursowym	mechanizm kursowy
1200628	00099248	paktu stabilizacji i wzrostu	pakt stabilizacji i wzrostu
1200630	00099248	otwartych funduszy emerytalnych	otwarty fundusz emerytalny
22343	00099248	Urzędu Komunikacji Elektronicznej	Urząd Komunikacji Elektronicznej
1200631	00099248	peryferiach gospodarki UE	peryferia gospodarki UE
1200622	00099248	senackiej debaty nad budżetem	senacka debata nad budżetem
1200626	00099248	rozwoju gospodarczego	rozwój gospodarczy
34712	00099248	Funduszu Kościelnego	Fundusz Kościelny
1200632	00099249	faktycznym kosztem pracy	faktyczny koszt pracy
1200636	00099249	deficyt budżetu państwa	deficyt budżetu państwa
1200637	00099250	służby zdrowia	służba zdrowia
1200639	00099250	systemu ewidencji medycznej	system ewidencji medycznej
1200638	00099250	wynagrodzeń lekarzy	wynagrodzenie lekarzy
1200640	00099250	historię zabiegów poszczególnych pacjentów	historia zabiegów poszczególnych pacjentów
1200641	00099251	branża muzyczna	branża muzyczna
1200642	00099251	innych światowych rynkach	inny światowy rynek
1200644	00099252	magazynu Red Herring	magazyn Red Herring
1200643	00099252	reklamami w grach komputerowych	reklama w grach komputerowych
1200645	00099253	wyszukiwarkę Google	wyszukiwarka Google
1200647	00099253	miliarda zindeksowanych stron	miliard zindeksowanych stron
